Hyatt Regency Denver At Colorado Convention Center, 39.74421324167367, -104.99366698795806
Baymont by Wyndham Denver International Airport, 39.82073982427556, -104.77011855065636
The Curtis Denver - a DoubleTree by Hilton Hotel, 39.745892944830814, -104.99705426595827
Sheraton Denver Downtown Hotel, 39.742367352139425, -104.98898162216233
DoubleTree by Hilton Hotel Denver, 39.763100597922865, -104.90437033652887
Embassy Suites by Hilton Denver International Airport, 39.82414319715558, -104.77535439325943
The Oxford Hotel, 39.74722712528023, -104.99026938941044
Hilton Denver City Center, 39.74715914118896, -104.99014490816747
Best Western Plus Denver International Airport Inn & Suites, 39.82416111700947, -104.77017796489564
Clarion Hotel Denver Central, 39.7832996101832, -104.99089453733916
La Quinta Inn & Suites by Wyndham Denver Airport Dia, 39.82089728716866, -104.77307817712884
The Crawford Hotel, 39.74582809187195, -104.98888779527724
Grand Hyatt Denver Downtown, 39.74576209561317, -104.98880196621279
Warwick Denver Hotel, 39.74438925065442, -104.98319849589843
The Westin Denver International Airport, 39.847806248734635, -104.67382446488021
Hyatt Place Denver/Cherry Creek, 39.695828484888594, -104.93854722042893
Microtel Inn & Suites by Wyndham Denver, 39.81050731452335, -104.7698320362622
Quality Inn & Suites Denver International Airport, 39.82424106145426, -104.77136613812132
Comfort Inn & Suites, 39.7828776512823, -104.90504581291783
La Quinta Inn by Wyndham Denver Central, 39.76678518103517, -104.99396034956801
11th Avenue Hostel, 39.7342704702146, -104.98709135118912
Hampton Inn & Suites Denver Downtown, 39.74329040034128, -104.99292895208771
Aloft Denver Downtown, 39.74513584860081, -104.99473121115734
Kimpton Hotel Monaco Denver, 39.74810818357967, -104.9925946204101